fixture,run,size,mode,phase,max_channel_delta_from_control_first,sha256
sticker,1,256,control,first,0,8aef7e3b9c0f5c1085524c756deddc848fdd96f007969d17b78936d6c82c05ed
sticker,1,256,control,repeated,0,8aef7e3b9c0f5c1085524c756deddc848fdd96f007969d17b78936d6c82c05ed
sticker,1,256,current,first,0,8aef7e3b9c0f5c1085524c756deddc848fdd96f007969d17b78936d6c82c05ed
sticker,1,256,current,repeated,0,8aef7e3b9c0f5c1085524c756deddc848fdd96f007969d17b78936d6c82c05ed
sticker,1,512,control,first,0,3116b25476aa3613cf031c244673ebd3306ceadd6945cf8bf2e1e3a365c25d50
sticker,1,512,control,repeated,0,3116b25476aa3613cf031c244673ebd3306ceadd6945cf8bf2e1e3a365c25d50
sticker,1,512,current,first,0,3116b25476aa3613cf031c244673ebd3306ceadd6945cf8bf2e1e3a365c25d50
sticker,1,512,current,repeated,0,3116b25476aa3613cf031c244673ebd3306ceadd6945cf8bf2e1e3a365c25d50
sticker,1,1024,control,first,0,80c24a395204bbf461f88d2d223fb8ab2dec6a1ebf55bab1951ef3933b471734
sticker,1,1024,control,repeated,0,80c24a395204bbf461f88d2d223fb8ab2dec6a1ebf55bab1951ef3933b471734
sticker,1,1024,current,first,0,80c24a395204bbf461f88d2d223fb8ab2dec6a1ebf55bab1951ef3933b471734
sticker,1,1024,current,repeated,0,80c24a395204bbf461f88d2d223fb8ab2dec6a1ebf55bab1951ef3933b471734
sticker,2,256,control,first,0,8aef7e3b9c0f5c1085524c756deddc848fdd96f007969d17b78936d6c82c05ed
sticker,2,256,control,repeated,0,8aef7e3b9c0f5c1085524c756deddc848fdd96f007969d17b78936d6c82c05ed
sticker,2,256,current,first,0,8aef7e3b9c0f5c1085524c756deddc848fdd96f007969d17b78936d6c82c05ed
sticker,2,256,current,repeated,0,8aef7e3b9c0f5c1085524c756deddc848fdd96f007969d17b78936d6c82c05ed
sticker,2,512,control,first,0,3116b25476aa3613cf031c244673ebd3306ceadd6945cf8bf2e1e3a365c25d50
sticker,2,512,control,repeated,0,3116b25476aa3613cf031c244673ebd3306ceadd6945cf8bf2e1e3a365c25d50
sticker,2,512,current,first,0,3116b25476aa3613cf031c244673ebd3306ceadd6945cf8bf2e1e3a365c25d50
sticker,2,512,current,repeated,0,3116b25476aa3613cf031c244673ebd3306ceadd6945cf8bf2e1e3a365c25d50
sticker,2,1024,control,first,0,80c24a395204bbf461f88d2d223fb8ab2dec6a1ebf55bab1951ef3933b471734
sticker,2,1024,control,repeated,0,80c24a395204bbf461f88d2d223fb8ab2dec6a1ebf55bab1951ef3933b471734
sticker,2,1024,current,first,0,80c24a395204bbf461f88d2d223fb8ab2dec6a1ebf55bab1951ef3933b471734
sticker,2,1024,current,repeated,0,80c24a395204bbf461f88d2d223fb8ab2dec6a1ebf55bab1951ef3933b471734
vector,1,256,control,first,0,a0a01759106bccb06eff8628e1772e1e101a47d6b74ada217017cc921ca05c3b
vector,1,256,control,repeated,0,a0a01759106bccb06eff8628e1772e1e101a47d6b74ada217017cc921ca05c3b
vector,1,256,current,first,0,a0a01759106bccb06eff8628e1772e1e101a47d6b74ada217017cc921ca05c3b
vector,1,256,current,repeated,0,a0a01759106bccb06eff8628e1772e1e101a47d6b74ada217017cc921ca05c3b
vector,1,512,control,first,0,f88d67481fffe8c7db113ce849182e15b0a9ad0507e73fc1826521b64a75c435
vector,1,512,control,repeated,0,f88d67481fffe8c7db113ce849182e15b0a9ad0507e73fc1826521b64a75c435
vector,1,512,current,first,0,f88d67481fffe8c7db113ce849182e15b0a9ad0507e73fc1826521b64a75c435
vector,1,512,current,repeated,0,f88d67481fffe8c7db113ce849182e15b0a9ad0507e73fc1826521b64a75c435
vector,1,1024,control,first,0,29db34824e8a134264aec1dfda313c62334b466ea5f33a9b86b9b843be8f02f6
vector,1,1024,control,repeated,0,29db34824e8a134264aec1dfda313c62334b466ea5f33a9b86b9b843be8f02f6
vector,1,1024,current,first,0,29db34824e8a134264aec1dfda313c62334b466ea5f33a9b86b9b843be8f02f6
vector,1,1024,current,repeated,0,29db34824e8a134264aec1dfda313c62334b466ea5f33a9b86b9b843be8f02f6
vector,2,256,control,first,0,a0a01759106bccb06eff8628e1772e1e101a47d6b74ada217017cc921ca05c3b
vector,2,256,control,repeated,0,a0a01759106bccb06eff8628e1772e1e101a47d6b74ada217017cc921ca05c3b
vector,2,256,current,first,0,a0a01759106bccb06eff8628e1772e1e101a47d6b74ada217017cc921ca05c3b
vector,2,256,current,repeated,0,a0a01759106bccb06eff8628e1772e1e101a47d6b74ada217017cc921ca05c3b
vector,2,512,control,first,0,f88d67481fffe8c7db113ce849182e15b0a9ad0507e73fc1826521b64a75c435
vector,2,512,control,repeated,0,f88d67481fffe8c7db113ce849182e15b0a9ad0507e73fc1826521b64a75c435
vector,2,512,current,first,0,f88d67481fffe8c7db113ce849182e15b0a9ad0507e73fc1826521b64a75c435
vector,2,512,current,repeated,0,f88d67481fffe8c7db113ce849182e15b0a9ad0507e73fc1826521b64a75c435
vector,2,1024,control,first,0,29db34824e8a134264aec1dfda313c62334b466ea5f33a9b86b9b843be8f02f6
vector,2,1024,control,repeated,0,29db34824e8a134264aec1dfda313c62334b466ea5f33a9b86b9b843be8f02f6
vector,2,1024,current,first,0,29db34824e8a134264aec1dfda313c62334b466ea5f33a9b86b9b843be8f02f6
vector,2,1024,current,repeated,0,29db34824e8a134264aec1dfda313c62334b466ea5f33a9b86b9b843be8f02f6
