fixture,run,mode,asset,size,phase,bitmap_requests,requested_bitmap_bytes,snapshots,ci_cgimage_calls
sticker,1,control,happy-orange.svg,256,fresh,7,1209552,7,5
sticker,1,control,happy-orange.svg,256,repeated,0,0,0,0
sticker,1,control,happy-orange.svg,512,fresh,7,4769296,7,5
sticker,1,control,happy-orange.svg,512,repeated,0,0,0,0
sticker,1,control,happy-orange.svg,1024,fresh,7,18611968,7,5
sticker,1,control,happy-orange.svg,1024,repeated,0,0,0,0
sticker,1,current,happy-orange.svg,256,fresh,7,1209552,7,5
sticker,1,current,happy-orange.svg,256,repeated,0,0,0,0
sticker,1,current,happy-orange.svg,512,fresh,7,4769296,7,5
sticker,1,current,happy-orange.svg,512,repeated,0,0,0,0
sticker,1,current,happy-orange.svg,1024,fresh,7,18611968,7,5
sticker,1,current,happy-orange.svg,1024,repeated,0,0,0,0
sticker,2,control,happy-orange.svg,256,fresh,7,1209552,7,5
sticker,2,control,happy-orange.svg,256,repeated,0,0,0,0
sticker,2,control,happy-orange.svg,512,fresh,7,4769296,7,5
sticker,2,control,happy-orange.svg,512,repeated,0,0,0,0
sticker,2,control,happy-orange.svg,1024,fresh,7,18611968,7,5
sticker,2,control,happy-orange.svg,1024,repeated,0,0,0,0
sticker,2,current,happy-orange.svg,256,fresh,7,1209552,7,5
sticker,2,current,happy-orange.svg,256,repeated,0,0,0,0
sticker,2,current,happy-orange.svg,512,fresh,7,4769296,7,5
sticker,2,current,happy-orange.svg,512,repeated,0,0,0,0
sticker,2,current,happy-orange.svg,1024,fresh,7,18611968,7,5
sticker,2,current,happy-orange.svg,1024,repeated,0,0,0,0
vector,1,control,detached-vector-image.svg,256,fresh,2,524288,2,1
vector,1,control,detached-vector-image.svg,256,repeated,2,524288,2,1
vector,1,control,detached-vector-image.svg,512,fresh,2,2097152,2,1
vector,1,control,detached-vector-image.svg,512,repeated,2,2097152,2,1
vector,1,control,detached-vector-image.svg,1024,fresh,2,8388608,2,1
vector,1,control,detached-vector-image.svg,1024,repeated,2,8388608,2,1
vector,1,current,detached-vector-image.svg,256,fresh,3,786432,3,1
vector,1,current,detached-vector-image.svg,256,repeated,0,0,0,0
vector,1,current,detached-vector-image.svg,512,fresh,3,3145728,3,1
vector,1,current,detached-vector-image.svg,512,repeated,0,0,0,0
vector,1,current,detached-vector-image.svg,1024,fresh,3,12582912,3,1
vector,1,current,detached-vector-image.svg,1024,repeated,0,0,0,0
vector,2,control,detached-vector-image.svg,256,fresh,2,524288,2,1
vector,2,control,detached-vector-image.svg,256,repeated,2,524288,2,1
vector,2,control,detached-vector-image.svg,512,fresh,2,2097152,2,1
vector,2,control,detached-vector-image.svg,512,repeated,2,2097152,2,1
vector,2,control,detached-vector-image.svg,1024,fresh,2,8388608,2,1
vector,2,control,detached-vector-image.svg,1024,repeated,2,8388608,2,1
vector,2,current,detached-vector-image.svg,256,fresh,3,786432,3,1
vector,2,current,detached-vector-image.svg,256,repeated,0,0,0,0
vector,2,current,detached-vector-image.svg,512,fresh,3,3145728,3,1
vector,2,current,detached-vector-image.svg,512,repeated,0,0,0,0
vector,2,current,detached-vector-image.svg,1024,fresh,3,12582912,3,1
vector,2,current,detached-vector-image.svg,1024,repeated,0,0,0,0
