fixture,run,mode,asset,size,process_first_ms,fresh_instance_median_ms,repeated_median_ms
sticker,1,control,happy-orange.svg,256,69.053,12.868,0.397
sticker,1,control,happy-orange.svg,512,71.529,21.940,1.375
sticker,1,control,happy-orange.svg,1024,103.611,54.562,3.608
sticker,1,current,happy-orange.svg,256,61.317,12.521,0.411
sticker,1,current,happy-orange.svg,512,65.115,22.268,1.343
sticker,1,current,happy-orange.svg,1024,96.419,54.483,3.506
sticker,2,control,happy-orange.svg,256,61.139,12.697,0.412
sticker,2,control,happy-orange.svg,512,67.922,22.667,1.362
sticker,2,control,happy-orange.svg,1024,97.027,55.320,3.543
sticker,2,current,happy-orange.svg,256,59.059,13.058,0.415
sticker,2,current,happy-orange.svg,512,69.250,22.098,1.379
sticker,2,current,happy-orange.svg,1024,97.210,54.789,3.503
vector,1,control,detached-vector-image.svg,256,29.682,1.247,1.368
vector,1,control,detached-vector-image.svg,512,30.128,2.037,2.169
vector,1,control,detached-vector-image.svg,1024,32.826,5.042,4.816
vector,1,current,detached-vector-image.svg,256,28.063,1.396,0.038
vector,1,current,detached-vector-image.svg,512,32.305,2.683,0.115
vector,1,current,detached-vector-image.svg,1024,32.419,7.262,0.364
vector,2,control,detached-vector-image.svg,256,29.474,1.352,1.163
vector,2,control,detached-vector-image.svg,512,30.787,2.252,2.357
vector,2,control,detached-vector-image.svg,1024,32.789,4.604,7.038
vector,2,current,detached-vector-image.svg,256,28.231,1.451,0.033
vector,2,current,detached-vector-image.svg,512,31.795,3.109,0.116
vector,2,current,detached-vector-image.svg,1024,32.572,7.317,0.363
