variant,asset,size,process_first_ms,fresh_instance_median_ms,repeated_median_ms
union,happy-orange.svg,256,67.815,13.922,0.403
union,happy-orange.svg,512,64.051,22.710,1.371
union,happy-orange.svg,1024,98.747,52.270,3.610
region-first,happy-orange.svg,256,63.339,14.779,0.407
region-first,happy-orange.svg,512,69.363,25.819,1.378
region-first,happy-orange.svg,1024,102.480,51.290,3.593
region-repeat,happy-orange.svg,256,70.585,13.863,0.403
region-repeat,happy-orange.svg,512,63.351,22.548,1.393
region-repeat,happy-orange.svg,1024,89.464,52.281,3.576
