size,radius,space,pattern,full_ms,half_ms,quarter_ms,half_max,quarter_max,half_mean,quarter_mean
128,6,sRGB,0,0.922,0.892,0.961,11,24,0.3911,0.8868
128,6,sRGB,1,0.902,0.974,0.929,10,12,1.4901,2.1009
128,6,linearRGB,0,0.857,0.915,1.063,11,24,0.4083,0.9430
128,6,linearRGB,1,0.969,0.941,1.047,10,12,1.5168,2.1506
128,12,sRGB,0,0.966,0.954,1.087,6,12,0.3100,0.4986
128,12,sRGB,1,0.942,0.880,1.018,5,7,0.7840,1.2132
128,12,linearRGB,0,0.885,0.904,1.038,6,12,0.3231,0.5419
128,12,linearRGB,1,0.845,0.871,0.955,5,7,0.8079,1.2745
128,24,sRGB,0,0.898,0.964,0.990,3,6,0.3450,0.3785
128,24,sRGB,1,0.935,0.864,0.962,3,4,0.6634,0.7330
128,24,linearRGB,0,0.926,0.852,1.021,3,6,0.3764,0.4099
128,24,linearRGB,1,0.982,1.026,1.112,3,4,0.6885,0.7651
512,6,sRGB,0,1.341,1.344,1.213,11,24,0.1220,0.2824
512,6,sRGB,1,1.344,1.303,1.289,10,12,1.0523,1.7390
512,6,linearRGB,0,1.438,1.251,1.403,11,24,0.1249,0.2950
512,6,linearRGB,1,1.462,1.250,1.348,10,12,1.0586,1.7531
512,12,sRGB,0,1.300,1.298,1.403,6,12,0.0919,0.1531
512,12,sRGB,1,1.292,1.181,1.202,5,7,0.2740,0.8161
512,12,linearRGB,0,1.199,1.174,1.168,6,12,0.0929,0.1626
512,12,linearRGB,1,1.150,1.108,1.171,5,7,0.2766,0.8307
512,24,sRGB,0,1.449,1.179,1.267,3,6,0.1304,0.1414
512,24,sRGB,1,1.343,1.213,1.393,3,4,0.2089,0.2446
512,24,linearRGB,0,1.709,1.247,1.261,3,6,0.1416,0.1533
512,24,linearRGB,1,1.355,1.205,1.174,3,4,0.2087,0.2532
1024,6,sRGB,0,2.400,2.067,2.040,11,24,0.0607,0.1177
1024,6,sRGB,1,2.353,2.014,2.030,10,12,0.9484,1.6898
1024,6,linearRGB,0,2.375,2.113,2.066,11,24,0.0621,0.1238
1024,6,linearRGB,1,2.349,2.062,2.022,10,12,0.9514,1.6958
1024,12,sRGB,0,2.372,1.988,2.069,6,12,0.0455,0.0654
1024,12,sRGB,1,2.379,2.015,2.092,5,7,0.1558,0.7343
1024,12,linearRGB,0,2.570,2.102,2.295,6,12,0.0458,0.0699
1024,12,linearRGB,1,2.375,2.055,2.171,5,7,0.1587,0.7426
1024,24,sRGB,0,2.639,2.081,2.236,3,6,0.0717,0.0741
1024,24,sRGB,1,2.409,2.050,2.138,3,4,0.0984,0.1220
1024,24,linearRGB,0,2.304,2.069,2.190,3,6,0.0758,0.0783
1024,24,linearRGB,1,2.412,2.167,2.154,3,4,0.0971,0.1242
