name,size,median_ms,max_difference
mixed-blur-color-transfer-sRGB,256,16.081,0
mixed-blur-color-transfer-sRGB,512,32.795,0
mixed-blur-color-transfer-linearRGB,256,15.851,0
mixed-blur-color-transfer-linearRGB,512,32.905,0
mixed-noise-displace-shadow-sRGB,256,38.375,0
mixed-noise-displace-shadow-sRGB,512,48.673,0
mixed-noise-displace-shadow-linearRGB,256,36.819,0
mixed-noise-displace-shadow-linearRGB,512,46.434,0
mixed-morphology-blur-merge-sRGB,256,9.104,0
mixed-morphology-blur-merge-sRGB,512,28.187,0
mixed-morphology-blur-merge-linearRGB,256,8.953,0
mixed-morphology-blur-merge-linearRGB,512,33.039,0
mixed-convolve-transfer-sRGB,256,52.421,0
mixed-convolve-transfer-sRGB,512,58.673,0
mixed-convolve-transfer-linearRGB,256,49.724,0
mixed-convolve-transfer-linearRGB,512,57.558,0
mixed-lighting-composite-sRGB,256,45.368,0
mixed-lighting-composite-sRGB,512,51.373,0
mixed-lighting-composite-linearRGB,256,45.291,0
mixed-lighting-composite-linearRGB,512,52.332,0
mixed-image-tile-blend-sRGB,256,8.398,0
mixed-image-tile-blend-sRGB,512,29.815,0
mixed-image-tile-blend-linearRGB,256,8.096,0
mixed-image-tile-blend-linearRGB,512,28.742,0
mixed-shadow-chain-sRGB,256,12.026,0
mixed-shadow-chain-sRGB,512,32.666,0
mixed-shadow-chain-linearRGB,256,12.091,0
mixed-shadow-chain-linearRGB,512,32.673,0
mixed-named-branches-sRGB,256,8.309,0
mixed-named-branches-sRGB,512,26.969,0
mixed-named-branches-linearRGB,256,7.785,0
mixed-named-branches-linearRGB,512,27.591,0
complex-noise-displace-shadow-sRGB,256,40.358,0
complex-noise-displace-shadow-sRGB,512,49.235,0
complex-noise-displace-shadow-linearRGB,256,40.704,0
complex-noise-displace-shadow-linearRGB,512,48.819,0
complex-morphology-blur-merge-sRGB,256,13.889,0
complex-morphology-blur-merge-sRGB,512,32.624,0
complex-morphology-blur-merge-linearRGB,256,13.899,0
complex-morphology-blur-merge-linearRGB,512,32.333,0
complex-convolve-transfer-sRGB,256,57.256,0
complex-convolve-transfer-sRGB,512,57.553,0
complex-convolve-transfer-linearRGB,256,57.313,0
complex-convolve-transfer-linearRGB,512,57.219,0
complex-lighting-composite-sRGB,256,48.850,0
complex-lighting-composite-sRGB,512,50.684,0
complex-lighting-composite-linearRGB,256,48.997,0
complex-lighting-composite-linearRGB,512,51.419,0
complex-shadow-chain-sRGB,256,15.383,0
complex-shadow-chain-sRGB,512,32.251,0
complex-shadow-chain-linearRGB,256,15.923,0
complex-shadow-chain-linearRGB,512,32.299,0
