asset,size,layer_ms,quartz_ms,speedup,max_channel_error,mean_channel_error,changed_pixels_percent,ca_calls,ca_allocations,cold_layer_ms,cold_quartz_ms
IJSVGExample/heart.svg,64,0.0852,0.0578,1.474,0,0.0000,0.000,0,0,9.0219,0.3167
IJSVGExample/heart.svg,256,0.2805,0.2405,1.166,0,0.0000,0.000,0,0,0.6430,0.4009
IJSVGExample/heart.svg,900,2.0171,1.9747,1.021,0,0.0000,0.000,0,0,2.4036,2.2378
IJSVGExample/gradients.svg,64,0.0222,0.0161,1.381,0,0.0000,0.000,0,0,0.3833,0.0939
IJSVGExample/gradients.svg,256,0.0779,0.0701,1.111,0,0.0000,0.000,0,0,0.1974,0.1409
IJSVGExample/gradients.svg,900,0.5962,0.5923,1.006,0,0.0000,0.000,0,0,0.8486,0.7450
IJSVGExample/pattern-alignment.svg,64,0.0281,0.0217,1.296,35,0.8278,9.131,0,0,0.7196,0.1819
IJSVGExample/pattern-alignment.svg,256,0.2085,0.2435,0.856,31,0.3416,3.680,0,0,0.7434,0.6959
IJSVGExample/pattern-alignment.svg,900,3.1676,3.1587,1.003,46,0.1232,0.987,0,0,5.9099,6.8747
IJSVGExample/clipped.svg,64,0.1121,0.0581,1.929,0,0.0000,0.000,0,0,0.4016,0.1790
IJSVGExample/clipped.svg,256,0.1497,0.0990,1.512,0,0.0000,0.000,0,0,0.4531,0.2211
IJSVGExample/clipped.svg,900,0.4689,0.4151,1.130,0,0.0000,0.000,0,0,0.9117,0.6710
IJSVGExample/mask.svg,64,0.1405,0.0793,1.772,0,0.0000,0.000,0,0,0.4678,0.2213
IJSVGExample/mask.svg,256,0.3035,0.2278,1.332,1,0.0000,0.000,0,0,0.5901,0.4116
IJSVGExample/mask.svg,900,1.4302,1.2965,1.103,1,0.0000,0.000,0,0,1.9821,1.6797
IJSVGExample/image.svg,64,0.3464,0.1566,2.212,0,0.0000,0.000,0,0,1.3500,0.4930
IJSVGExample/image.svg,256,0.5102,0.3119,1.636,0,0.0000,0.000,0,0,1.2379,0.6427
IJSVGExample/image.svg,900,2.4215,2.2530,1.075,0,0.0000,0.000,0,0,3.2978,2.7855
IJSVGExample/car.svg,64,4.6877,3.4298,1.367,0,0.0000,0.000,0,0,10.3387,6.7131
IJSVGExample/car.svg,256,8.1414,6.3690,1.278,0,0.0000,0.000,0,0,13.9509,9.5812
IJSVGExample/car.svg,900,31.8611,24.7327,1.288,0,0.0000,0.000,0,0,38.0335,28.3077
IJSVGExample/5x5checkerboard.svg,64,0.0100,0.0049,2.060,0,0.0000,0.000,0,0,0.5292,0.3842
IJSVGExample/5x5checkerboard.svg,256,0.0204,0.0145,1.405,0,0.0000,0.000,0,0,1.1025,1.0325
IJSVGExample/5x5checkerboard.svg,900,0.1200,0.1303,0.921,0,0.0000,0.000,0,0,5.9203,6.0809
IJSVGExample/Chessboard480DiagonalStripe.svg,64,0.0125,0.0066,1.899,2,0.2484,0.000,0,0,1.2459,0.2277
IJSVGExample/Chessboard480DiagonalStripe.svg,256,0.0338,0.0271,1.244,0,0.0000,0.000,0,0,4.0478,3.2142
IJSVGExample/Chessboard480DiagonalStripe.svg,900,0.2498,0.2386,1.047,0,0.0000,0.000,0,0,8.9189,8.0305
IJSVGExample/dashed.svg,64,0.0918,0.0473,1.942,0,0.0000,0.000,0,0,0.3611,0.1355
IJSVGExample/dashed.svg,256,0.1309,0.0847,1.545,1,0.0000,0.000,0,0,0.3995,0.1968
IJSVGExample/dashed.svg,900,0.1575,0.1137,1.386,0,0.0000,0.000,0,0,0.4482,0.3549
IJSVGExample/dropshadow-clipping-masks.svg,64,0.0961,0.0739,1.300,0,0.0000,0.000,0,0,0.6934,0.2034
IJSVGExample/dropshadow-clipping-masks.svg,256,0.2151,0.1767,1.218,0,0.0000,0.000,0,0,0.4845,0.3012
IJSVGExample/dropshadow-clipping-masks.svg,900,1.2029,1.0165,1.183,0,0.0000,0.000,0,0,1.5171,1.1950
