name,size,reference_ms,optimized_ms,max_difference,gpu_blurs,gpu_shadows
blur-sRGB-0-3-none,64,1.905,1.586,1,18,0
blur-sRGB-0-3-none,256,5.104,3.057,1,18,0
blur-sRGB-0-3-duplicate,64,1.625,1.458,1,18,0
blur-sRGB-0-3-duplicate,256,5.225,3.090,1,18,0
blur-sRGB-0-3-wrap,64,1.550,1.227,1,18,0
blur-sRGB-0-3-wrap,256,5.003,2.768,1,18,0
blur-sRGB-3-0-none,64,1.559,1.265,1,18,0
blur-sRGB-3-0-none,256,5.414,2.983,1,18,0
blur-sRGB-3-0-duplicate,64,1.655,1.443,1,18,0
blur-sRGB-3-0-duplicate,256,4.908,2.843,1,18,0
blur-sRGB-3-0-wrap,64,1.540,1.247,1,18,0
blur-sRGB-3-0-wrap,256,4.785,2.824,1,18,0
blur-sRGB-2-6-none,64,1.703,1.639,1,18,0
blur-sRGB-2-6-none,256,5.486,3.416,1,18,0
blur-sRGB-2-6-duplicate,64,1.591,1.587,1,18,0
blur-sRGB-2-6-duplicate,256,5.446,3.376,1,18,0
blur-sRGB-2-6-wrap,64,1.627,1.626,1,18,0
blur-sRGB-2-6-wrap,256,5.532,3.284,1,18,0
blur-sRGB-6-2-none,64,1.883,1.834,1,18,0
blur-sRGB-6-2-none,256,5.041,3.215,1,18,0
blur-sRGB-6-2-duplicate,64,1.448,1.553,1,18,0
blur-sRGB-6-2-duplicate,256,5.132,3.290,1,18,0
blur-sRGB-6-2-wrap,64,1.488,1.503,1,18,0
blur-sRGB-6-2-wrap,256,5.120,3.412,1,18,0
blur-sRGB-4-12-none,64,1.756,1.631,1,18,0
blur-sRGB-4-12-none,256,6.500,6.625,0,0,0
blur-sRGB-4-12-duplicate,64,1.856,1.935,1,18,0
blur-sRGB-4-12-duplicate,256,6.387,6.204,0,0,0
blur-sRGB-4-12-wrap,64,1.904,1.883,1,18,0
blur-sRGB-4-12-wrap,256,5.947,6.169,0,0,0
blur-linearRGB-0-3-none,64,1.581,1.340,1,18,0
blur-linearRGB-0-3-none,256,5.022,2.887,1,18,0
blur-linearRGB-0-3-duplicate,64,1.561,1.413,1,18,0
blur-linearRGB-0-3-duplicate,256,5.009,2.879,1,18,0
blur-linearRGB-0-3-wrap,64,1.574,1.323,1,18,0
blur-linearRGB-0-3-wrap,256,5.258,2.995,1,18,0
blur-linearRGB-3-0-none,64,1.647,1.341,1,18,0
blur-linearRGB-3-0-none,256,5.260,3.025,1,18,0
blur-linearRGB-3-0-duplicate,64,1.472,1.258,1,18,0
blur-linearRGB-3-0-duplicate,256,4.956,2.861,1,18,0
blur-linearRGB-3-0-wrap,64,1.600,1.305,1,18,0
blur-linearRGB-3-0-wrap,256,5.885,3.419,1,18,0
blur-linearRGB-2-6-none,64,2.015,2.294,1,18,0
blur-linearRGB-2-6-none,256,6.130,4.059,1,18,0
blur-linearRGB-2-6-duplicate,64,2.562,2.978,1,18,0
blur-linearRGB-2-6-duplicate,256,5.986,4.039,1,18,0
blur-linearRGB-2-6-wrap,64,2.028,2.072,1,18,0
blur-linearRGB-2-6-wrap,256,5.935,3.819,1,18,0
blur-linearRGB-6-2-none,64,1.831,2.195,1,18,0
blur-linearRGB-6-2-none,256,5.860,3.847,1,18,0
blur-linearRGB-6-2-duplicate,64,1.720,2.017,1,18,0
blur-linearRGB-6-2-duplicate,256,5.648,4.096,1,18,0
blur-linearRGB-6-2-wrap,64,1.934,2.238,1,18,0
blur-linearRGB-6-2-wrap,256,6.624,4.284,1,18,0
blur-linearRGB-4-12-none,64,1.835,1.783,1,18,0
blur-linearRGB-4-12-none,256,6.720,6.537,0,0,0
blur-linearRGB-4-12-duplicate,64,2.062,2.198,1,18,0
blur-linearRGB-4-12-duplicate,256,6.729,6.689,0,0,0
blur-linearRGB-4-12-wrap,64,1.957,2.228,1,18,0
blur-linearRGB-4-12-wrap,256,7.030,6.959,0,0,0
